"Местное время";"T";"Po";"P";"Pa";"U";"DD";"Ff";"ff10";"ff3";"N";"WW";"W1";"W2";"Tn";"Tx";"Cl";"Nh";"H";"Cm";"Ch";"VV";"Td";"RRR";"tR";"E";"Tg";"E'";"sss"
"11.07.2022 12:00";"30.0";"730.6";"757.6";"-1.1";"71";"Ветер, дующий с юга";"3";"";"";"90  или более, но не 100%";" ";"";"";"";"";"Кучевые и слоисто-кучевые (но не слоисто-кучевые, образовавшиеся из кучевых), основания расположены на разных уровнях.";"70 – 80%.";"600-1000";"Высококучевые просвечивающие, расположенные на одном уровне.";"Перистые плотные в виде клочьев или скрученных склонов, количество которых обычно не увеличивается, иногда могут казаться остатками верхней части кучево-дождевых; или перистые башенкообразные, или перистые хлопьевидные.";"10.0";"24.1";"";"";"";"";"";"";
"11.07.2022 09:00";"26.5";"731.7";"758.8";"1.1";"81";"Ветер, дующий с юго-запада";"3";"";"";"90  или более, но не 100%";" ";"";"";"";"";"Слоисто-кучевые, образовавшиеся не из кучевых.";"60%.";"600-1000";"Высококучевых, высокослоистых или слоисто-дождевых облаков нет.";"Перистые плотные в виде клочьев или скрученных склонов, количество которых обычно не увеличивается, иногда могут казаться остатками верхней части кучево-дождевых; или перистые башенкообразные, или перистые хлопьевидные.";"10.0";"22.9";"";"";"";"";"";"";
"11.07.2022 06:00";"23.8";"730.6";"757.8";"0.2";"98";"Ветер, дующий с юго-юго-запада";"2";"";"";"90  или более, но не 100%";" ";"";"";"23.6";"";"Слоистые туманообразные или слоистые разорванные, либо те и другие, но не относящиеся к облакам плохой погоды.";"20–30%.";"300-600";"Высококучевые просвечивающие, расположенные на одном уровне.";"Перистые плотные в виде клочьев или скрученных склонов, количество которых обычно не увеличивается, иногда могут казаться остатками верхней части кучево-дождевых; или перистые башенкообразные, или перистые хлопьевидные.";"10.0";"23.4";"31.0";"24";"";"";"";"";
"11.07.2022 03:00";"23.8";"730.4";"757.7";"-0.8";"96";"Ветер, дующий с юга";"1";"";"";"90  или более, но не 100%";" ";"";"";"";"";"Слоисто-кучевых, слоистых, кучевых или кучево-дождевых облаков нет.";"10%  или менее, но не 0";"2500 или более, или облаков нет.";"Высококучевые просвечивающие, расположенные на одном уровне.";"Перистые плотные в виде клочьев или скрученных склонов, количество которых обычно не увеличивается, иногда могут казаться остатками верхней части кучево-дождевых; или перистые башенкообразные, или перистые хлопьевидные.";"10.0";"23.2";"";"";"";"";"";"";
"11.07.2022 00:00";"23.9";"731.2";"758.3";"0.3";"96";"Штиль, безветрие";"0";"";"";"90  или более, но не 100%";" ";"";"";"";"";"Слоисто-кучевых, слоистых, кучевых или кучево-дождевых облаков нет.";"40%.";"2500 или более, или облаков нет.";"Высококучевые просвечивающие, расположенные на одном уровне.";"Перистые плотные в виде клочьев или скрученных склонов, количество которых обычно не увеличивается, иногда могут казаться остатками верхней части кучево-дождевых; или перистые башенкообразные, или перистые хлопьевидные.";"10.0";"23.3";"";"";"";"";"";"";
"10.07.2022 21:00";"24.4";"730.9";"758.1";"0.5";"96";"Ветер, дующий с юго-юго-запада";"1";"";"";"90  или более, но не 100%";" ";"";"";"";"";"Слоисто-кучевых, слоистых, кучевых или кучево-дождевых облаков нет.";"90  или более, но не 100%";"2500 или более, или облаков нет.";"Высококучевые, просвечивающие или плотные в двух или более слоях или высококучевые плотные в одном слое, не распространяющиеся но небу, либо высококучевые с высокослоистыми или слоисто-дождевыми.";"Перистые плотные в виде клочьев или скрученных склонов, количество которых обычно не увеличивается, иногда могут казаться остатками верхней части кучево-дождевых; или перистые башенкообразные, или перистые хлопьевидные.";"10.0";"23.7";"";"";"";"";"";"";
"10.07.2022 18:00";"24.6";"730.4";"757.6";"-0.6";"93";"Ветер, дующий с востоко-северо-востока";"1";"";"";"90  или более, но не 100%";"Облака в целом рассеиваются или становятся менее развитыми. ";"Гроза (грозы) с осадками или без них.";"Дождь.";"";"30.2";"Слоисто-кучевых, слоистых, кучевых или кучево-дождевых облаков нет.";"90  или более, но не 100%";"2500 или более, или облаков нет.";"Высококучевые, просвечивающие или плотные в двух или более слоях или высококучевые плотные в одном слое, не распространяющиеся но небу, либо высококучевые с высокослоистыми или слоисто-дождевыми.";"Перистые плотные в виде клочьев или скрученных склонов, количество которых обычно не увеличивается, иногда могут казаться остатками верхней части кучево-дождевых; или перистые башенкообразные, или перистые хлопьевидные.";"10.0";"23.4";"31.0";"12";"";"";"";"";
"10.07.2022 15:00";"23.1";"731.0";"758.3";"-1.8";"96";"Ветер, дующий с юго-запада";"1";"";"";"90  или более, но не 100%";"Гроза слабая или умеренная без града, но с дождем и/или снегом в срок наблюдения. ";"Гроза (грозы) с осадками или без них.";"Дождь.";"";"";"Кучево-дождевые волокнистые (часто с наковальней), либо с кучево-дождевыми лысыми, кучевыми, слоистыми, разорванно-дождевыми, либо без них.";"10%  или менее, но не 0";"600-1000";"Высококучевые, просвечивающие или плотные в двух или более слоях или высококучевые плотные в одном слое, не распространяющиеся но небу, либо высококучевые с высокослоистыми или слоисто-дождевыми.";"Перистые плотные в виде клочьев или скрученных склонов, количество которых обычно не увеличивается, иногда могут казаться остатками верхней части кучево-дождевых; или перистые башенкообразные, или перистые хлопьевидные.";"10.0";"22.4";"";"";"";"";"";"";
"10.07.2022 12:00";"28.7";"732.8";"759.9";"-0.6";"69";"Ветер, дующий с западо-юго-запада";"1";"";"";"90  или более, но не 100%";" ";"";"";"";"";"Кучевые и слоисто-кучевые (но не слоисто-кучевые, образовавшиеся из кучевых), основания расположены на разных уровнях.";"70 – 80%.";"600-1000";"Высококучевые просвечивающие, расположенные на одном уровне.";"Перистые плотные в виде клочьев или скрученных склонов, количество которых обычно не увеличивается, иногда могут казаться остатками верхней части кучево-дождевых; или перистые башенкообразные, или перистые хлопьевидные.";"10.0";"22.5";"";"";"";"";"";"";
"10.07.2022 09:00";"26.2";"733.4";"760.6";"1.2";"80";"Ветер, дующий с юго-запада";"3";"";"";"90  или более, но не 100%";" ";"";"";"";"";"Слоистые туманообразные или слоистые разорванные, либо те и другие, но не относящиеся к облакам плохой погоды.";"60%.";"300-600";"Высококучевых, высокослоистых или слоисто-дождевых облаков нет.";"Перистые плотные в виде клочьев или скрученных склонов, количество которых обычно не увеличивается, иногда могут казаться остатками верхней части кучево-дождевых; или перистые башенкообразные, или перистые хлопьевидные.";"10.0";"22.4";"";"";"";"";"";"";
"10.07.2022 06:00";"23.9";"732.2";"759.3";"0.4";"93";"Ветер, дующий с юго-юго-запада";"1";"";"";"90  или более, но не 100%";" ";"";"";"23.9";"";"Слоисто-кучевых, слоистых, кучевых или кучево-дождевых облаков нет.";"Облаков нет.";"2500 или более, или облаков нет.";"Высококучевых, высокослоистых или слоисто-дождевых облаков нет.";"Перистые плотные в виде клочьев или скрученных склонов, количество которых обычно не увеличивается, иногда могут казаться остатками верхней части кучево-дождевых; или перистые башенкообразные, или перистые хлопьевидные.";"10.0";"22.7";"";"";"";"";"";"";
"10.07.2022 03:00";"25.0";"731.8";"758.8";"-0.7";"85";"Ветер, дующий с юго-запада";"1";"";"";"90  или более, но не 100%";" ";"";"";"";"";"Слоисто-кучевых, слоистых, кучевых или кучево-дождевых облаков нет.";"Облаков нет.";"2500 или более, или облаков нет.";"Высококучевых, высокослоистых или слоисто-дождевых облаков нет.";"Перистые плотные в виде клочьев или скрученных склонов, количество которых обычно не увеличивается, иногда могут казаться остатками верхней части кучево-дождевых; или перистые башенкообразные, или перистые хлопьевидные.";"10.0";"22.2";"";"";"";"";"";"";
"10.07.2022 00:00";"25.4";"732.5";"759.6";"0.2";"86";"Ветер, дующий с юго-запада";"1";"";"";"90  или более, но не 100%";" ";"";"";"";"";"Слоисто-кучевых, слоистых, кучевых или кучево-дождевых облаков нет.";"Облаков нет.";"2500 или более, или облаков нет.";"Высококучевых, высокослоистых или слоисто-дождевых облаков нет.";"Перистые плотные в виде клочьев или скрученных склонов, количество которых обычно не увеличивается, иногда могут казаться остатками верхней части кучево-дождевых; или перистые башенкообразные, или перистые хлопьевидные.";"10.0";"22.9";"";"";"";"";"";"";
"09.07.2022 21:00";"26.4";"732.3";"759.4";"1.1";"82";"Ветер, дующий с юго-юго-запада";"1";"";"";"90  или более, но не 100%";" ";"";"";"";"";"Слоисто-кучевых, слоистых, кучевых или кучево-дождевых облаков нет.";"Облаков нет.";"2500 или более, или облаков нет.";"Высококучевых, высокослоистых или слоисто-дождевых облаков нет.";"Перистые плотные в виде клочьев или скрученных склонов, количество которых обычно не увеличивается, иногда могут казаться остатками верхней части кучево-дождевых; или перистые башенкообразные, или перистые хлопьевидные.";"10.0";"23.1";"";"";"";"";"";"";
"09.07.2022 18:00";"29.2";"731.2";"758.2";"-0.3";"68";"Ветер, дующий с юго-юго-запада";"2";"";"";"90  или более, но не 100%";" ";"";"";"";"30.8";"Кучевые и слоисто-кучевые (но не слоисто-кучевые, образовавшиеся из кучевых), основания расположены на разных уровнях.";"10%  или менее, но не 0";"600-1000";"Высококучевых, высокослоистых или слоисто-дождевых облаков нет.";"Перистые плотные в виде клочьев или скрученных склонов, количество которых обычно не увеличивается, иногда могут казаться остатками верхней части кучево-дождевых; или перистые башенкообразные, или перистые хлопьевидные.";"10.0";"22.6";"";"";"";"";"";"";
"09.07.2022 15:00";"30.4";"731.5";"758.5";"-1.5";"68";"Ветер, дующий с юго-юго-запада";"2";"";"";"90  или более, но не 100%";" ";"";"";"";"";"Кучевые и слоисто-кучевые (но не слоисто-кучевые, образовавшиеся из кучевых), основания расположены на разных уровнях.";"60%.";"600-1000";"Высококучевых, высокослоистых или слоисто-дождевых облаков нет.";"Перистые плотные в виде клочьев или скрученных склонов, количество которых обычно не увеличивается, иногда могут казаться остатками верхней части кучево-дождевых; или перистые башенкообразные, или перистые хлопьевидные.";"10.0";"23.9";"";"";"";"";"";"";
"09.07.2022 12:00";"28.8";"733.0";"760.2";"-0.7";"72";"Ветер, дующий с юго-юго-запада";"3";"";"";"90  или более, но не 100%";" ";"";"";"";"";"Кучевые и слоисто-кучевые (но не слоисто-кучевые, образовавшиеся из кучевых), основания расположены на разных уровнях.";"60%.";"600-1000";"Высококучевые просвечивающие, расположенные на одном уровне.";"Перистые плотные в виде клочьев или скрученных склонов, количество которых обычно не увеличивается, иногда могут казаться остатками верхней части кучево-дождевых; или перистые башенкообразные, или перистые хлопьевидные.";"10.0";"23.2";"";"";"";"";"";"";
"09.07.2022 09:00";"26.4";"733.7";"761.0";"1.4";"83";"Ветер, дующий с юго-юго-запада";"2";"";"";"90  или более, но не 100%";" ";"";"";"";"";"Слоисто-кучевые, образовавшиеся не из кучевых.";"20–30%.";"300-600";"Высококучевые просвечивающие, расположенные на одном уровне.";"Перистые плотные в виде клочьев или скрученных склонов, количество которых обычно не увеличивается, иногда могут казаться остатками верхней части кучево-дождевых; или перистые башенкообразные, или перистые хлопьевидные.";"10.0";"23.2";"";"";"";"";"";"";
"09.07.2022 06:00";"23.2";"732.3";"759.5";"0.0";"94";"Ветер, дующий с юга";"1";"";"";"90  или более, но не 100%";" ";"";"";"22.6";"";"Слоисто-кучевых, слоистых, кучевых или кучево-дождевых облаков нет.";"70 – 80%.";"2500 или более, или облаков нет.";"Высококучевые просвечивающие, расположенные на одном уровне.";"Перистые плотные в виде клочьев или скрученных склонов, количество которых обычно не увеличивается, иногда могут казаться остатками верхней части кучево-дождевых; или перистые башенкообразные, или перистые хлопьевидные.";"10.0";"22.2";"7.0";"24";"";"";"";"";
"09.07.2022 03:00";"23.4";"732.3";"759.2";"0.2";"92";"Ветер, дующий с востока";"2";"";"";"90  или более, но не 100%";" ";"";"";"";"";"Слоисто-кучевых, слоистых, кучевых или кучево-дождевых облаков нет.";"70 – 80%.";"2500 или более, или облаков нет.";"Высококучевые просвечивающие, расположенные на одном уровне.";"Перистые плотные в виде клочьев или скрученных склонов, количество которых обычно не увеличивается, иногда могут казаться остатками верхней части кучево-дождевых; или перистые башенкообразные, или перистые хлопьевидные.";"10.0";"22.1";"";"";"";"";"";"";
"09.07.2022 00:00";"22.9";"732.1";"759.1";"-0.3";"94";"Ветер, дующий с юга";"2";"";"";"90  или более, но не 100%";"Облака в целом рассеиваются или становятся менее развитыми. ";"Гроза (грозы) с осадками или без них.";"Дождь.";"";"";"Слоисто-кучевых, слоистых, кучевых или кучево-дождевых облаков нет.";"10%  или менее, но не 0";"2500 или более, или облаков нет.";"Высококучевые просвечивающие, расположенные на одном уровне.";"Перистые плотные в виде клочьев или скрученных склонов, количество которых обычно не увеличивается, иногда могут казаться остатками верхней части кучево-дождевых; или перистые башенкообразные, или перистые хлопьевидные.";"10.0";"21.9";"5.0";"6";"";"";"";"";
"08.07.2022 21:00";"23.1";"732.4";"759.5";"2.4";"91";"Ветер, дующий с юго-юго-запада";"2";"";"";"100%.";"Гроза слабая или умеренная без града, но с дождем и/или снегом в срок наблюдения. ";"Гроза (грозы) с осадками или без них.";"Дождь.";"";"";"Кучево-дождевые волокнистые (часто с наковальней), либо с кучево-дождевыми лысыми, кучевыми, слоистыми, разорванно-дождевыми, либо без них.";"10%  или менее, но не 0";"600-1000";"Высококучевые, просвечивающие или плотные в двух или более слоях или высококучевые плотные в одном слое, не распространяющиеся но небу, либо высококучевые с высокослоистыми или слоисто-дождевыми.";"";"10.0";"21.5";"";"";"";"";"";"";
"08.07.2022 18:00";"27.0";"730.0";"757.0";"0.0";"72";"Ветер, дующий с юго-юго-запада";"3";"";"";"90  или более, но не 100%";"Гроза, но без осадков, в срок наблюдения. ";"Гроза (грозы) с осадками или без них.";"Дождь.";"";"33.9";"Кучево-дождевые волокнистые (часто с наковальней), либо с кучево-дождевыми лысыми, кучевыми, слоистыми, разорванно-дождевыми, либо без них.";"20–30%.";"600-1000";"Высококучевые, просвечивающие или плотные в двух или более слоях или высококучевые плотные в одном слое, не распространяющиеся но небу, либо высококучевые с высокослоистыми или слоисто-дождевыми.";"Перистые плотные, образовавшиеся от кучево-дождевых.";"10.0";"21.6";"1.0";"12";"";"";"";"";
"08.07.2022 15:00";"33.3";"730.0";"756.7";"-2.1";"59";"Ветер, дующий с западо-юго-запада";"1";"";"";"90  или более, но не 100%";" ";"";"";"";"";"Кучевые и слоисто-кучевые (но не слоисто-кучевые, образовавшиеся из кучевых), основания расположены на разных уровнях.";"60%.";"600-1000";"Высококучевые просвечивающие, расположенные на одном уровне.";"Перистые плотные в виде клочьев или скрученных склонов, количество которых обычно не увеличивается, иногда могут казаться остатками верхней части кучево-дождевых; или перистые башенкообразные, или перистые хлопьевидные.";"10.0";"24.2";"";"";"";"";"";"";
"08.07.2022 12:00";"32.0";"732.1";"759.0";"-0.8";"65";"Ветер, дующий с юго-запада";"2";"";"";"90  или более, но не 100%";" ";"";"";"";"";"Кучевые и слоисто-кучевые (но не слоисто-кучевые, образовавшиеся из кучевых), основания расположены на разных уровнях.";"60%.";"600-1000";"Высококучевые просвечивающие, расположенные на одном уровне.";"Перистые плотные в виде клочьев или скрученных склонов, количество которых обычно не увеличивается, иногда могут казаться остатками верхней части кучево-дождевых; или перистые башенкообразные, или перистые хлопьевидные.";"10.0";"24.6";"";"";"";"";"";"";
"08.07.2022 09:00";"29.3";"732.9";"759.9";"1.1";"71";"Ветер, дующий с западо-юго-запада";"3";"";"";"90  или более, но не 100%";" ";"";"";"";"";"Слоисто-кучевые, образовавшиеся не из кучевых.";"10%  или менее, но не 0";"600-1000";"Высококучевых, высокослоистых или слоисто-дождевых облаков нет.";"Перистые плотные в виде клочьев или скрученных склонов, количество которых обычно не увеличивается, иногда могут казаться остатками верхней части кучево-дождевых; или перистые башенкообразные, или перистые хлопьевидные.";"10.0";"23.5";"";"";"";"";"";"";
"08.07.2022 06:00";"25.0";"731.8";"758.8";"0.6";"86";"Ветер, дующий с юго-юго-запада";"1";"";"";"90  или более, но не 100%";" ";"";"";"25.0";"";"Слоисто-кучевых, слоистых, кучевых или кучево-дождевых облаков нет.";"10%  или менее, но не 0";"2500 или более, или облаков нет.";"Высококучевые просвечивающие, расположенные на одном уровне.";"Перистые плотные в виде клочьев или скрученных склонов, количество которых обычно не увеличивается, иногда могут казаться остатками верхней части кучево-дождевых; или перистые башенкообразные, или перистые хлопьевидные.";"10.0";"22.5";"";"";"";"";"";"";
"08.07.2022 03:00";"26.2";"731.2";"758.0";"-0.9";"77";"Ветер, дующий с юго-запада";"1";"";"";"90  или более, но не 100%";" ";"";"";"";"";"Слоисто-кучевых, слоистых, кучевых или кучево-дождевых облаков нет.";"40%.";"2500 или более, или облаков нет.";"Высококучевые просвечивающие, расположенные на одном уровне.";"Перистые плотные в виде клочьев или скрученных склонов, количество которых обычно не увеличивается, иногда могут казаться остатками верхней части кучево-дождевых; или перистые башенкообразные, или перистые хлопьевидные.";"10.0";"21.8";"";"";"";"";"";"";
"08.07.2022 00:00";"26.1";"732.1";"759.0";"-0.3";"78";"Ветер, дующий с западо-северо-запада";"1";"";"";"90  или более, но не 100%";"Состояние неба в общем не изменилось. ";"Гроза (грозы) с осадками или без них.";"Облака покрывали более половины неба в течение всего соответствующего периода.";"";"";"Слоисто-кучевых, слоистых, кучевых или кучево-дождевых облаков нет.";"20–30%.";"2500 или более, или облаков нет.";"Высококучевые просвечивающие, расположенные на одном уровне.";"Перистые плотные в виде клочьев или скрученных склонов, количество которых обычно не увеличивается, иногда могут казаться остатками верхней части кучево-дождевых; или перистые башенкообразные, или перистые хлопьевидные.";"10.0";"21.9";"";"";"";"";"";"";
"07.07.2022 21:00";"26.7";"732.4";"759.4";"0.9";"70";"Ветер, дующий с запада";"1";"";"";"90  или более, но не 100%";"Облака в целом рассеиваются или становятся менее развитыми. ";"Гроза (грозы) с осадками или без них.";"Облака покрывали более половины неба в течение всего соответствующего периода.";"";"";"Слоисто-кучевых, слоистых, кучевых или кучево-дождевых облаков нет.";"20–30%.";"600-1000";"Высококучевые просвечивающие, расположенные на одном уровне.";"Перистые плотные в виде клочьев или скрученных склонов, количество которых обычно не увеличивается, иногда могут казаться остатками верхней части кучево-дождевых; или перистые башенкообразные, или перистые хлопьевидные.";"10.0";"20.8";"";"";"";"";"";"";
"07.07.2022 18:00";"30.2";"731.5";"758.5";"0.3";"65";"Ветер, дующий с юга";"4";"";"";"90  или более, но не 100%";"Гроза, но без осадков, в срок наблюдения. ";"Гроза (грозы) с осадками или без них.";"Облака покрывали более половины неба в течение всего соответствующего периода.";"";"33.9";"Кучево-дождевые волокнистые (часто с наковальней), либо с кучево-дождевыми лысыми, кучевыми, слоистыми, разорванно-дождевыми, либо без них.";"60%.";"600-1000";"Высококучевые просвечивающие, расположенные на одном уровне.";"Перистые плотные в виде клочьев или скрученных склонов, количество которых обычно не увеличивается, иногда могут казаться остатками верхней части кучево-дождевых; или перистые башенкообразные, или перистые хлопьевидные.";"10.0";"22.8";"";"";"";"";"";"";
"07.07.2022 15:00";"33.5";"731.2";"758.0";"-1.7";"50";"Ветер, дующий с юго-юго-востока";"1";"";"";"90  или более, но не 100%";" ";"";"";"";"";"Кучевые и слоисто-кучевые (но не слоисто-кучевые, образовавшиеся из кучевых), основания расположены на разных уровнях.";"40%.";"600-1000";"Высококучевых, высокослоистых или слоисто-дождевых облаков нет.";"Перистые плотные в виде клочьев или скрученных склонов, количество которых обычно не увеличивается, иногда могут казаться остатками верхней части кучево-дождевых; или перистые башенкообразные, или перистые хлопьевидные.";"10.0";"21.7";"";"";"";"";"";"";
"07.07.2022 12:00";"31.3";"732.9";"759.8";"-0.5";"61";"Ветер, дующий с западо-северо-запада";"1";"";"";"90  или более, но не 100%";" ";"";"";"";"";"Кучевые и слоисто-кучевые (но не слоисто-кучевые, образовавшиеся из кучевых), основания расположены на разных уровнях.";"60%.";"600-1000";"Высококучевых, высокослоистых или слоисто-дождевых облаков нет.";"Перистые (часто в виде полос) и перисто-слоистые, распространяющиеся по небу и в целом обычно уплотняющиеся; сплошная пелена, поднимающаяся над горизонтом выше 45°, не покрывает всего неба.";"10.0";"23.0";"";"";"";"";"";"";
"07.07.2022 09:00";"28.3";"733.4";"760.4";"0.5";"74";"Ветер, дующий с юго-юго-запада";"2";"";"";"90  или более, но не 100%";" ";"";"";"";"";"Слоисто-кучевых, слоистых, кучевых или кучево-дождевых облаков нет.";"Облаков нет.";"2500 или более, или облаков нет.";"Высококучевых, высокослоистых или слоисто-дождевых облаков нет.";"Перистые плотные в виде клочьев или скрученных склонов, количество которых обычно не увеличивается, иногда могут казаться остатками верхней части кучево-дождевых; или перистые башенкообразные, или перистые хлопьевидные.";"10.0";"23.3";"";"";"";"";"";"";
"07.07.2022 06:00";"24.1";"732.9";"760.0";"1.1";"92";"Ветер, дующий с юго-юго-запада";"1";"";"";"90  или более, но не 100%";" ";"";"";"24.1";"";"Слоисто-кучевых, слоистых, кучевых или кучево-дождевых облаков нет.";"10%  или менее, но не 0";"2500 или более, или облаков нет.";"Высококучевые просвечивающие, расположенные на одном уровне.";"Перистые плотные в виде клочьев или скрученных склонов, количество которых обычно не увеличивается, иногда могут казаться остатками верхней части кучево-дождевых; или перистые башенкообразные, или перистые хлопьевидные.";"10.0";"22.8";"";"";"";"";"";"";
"07.07.2022 03:00";"24.3";"731.8";"758.8";"-0.9";"92";"Ветер, дующий с юго-юго-запада";"1";"";"";"90  или более, но не 100%";" ";"";"";"";"";"Слоисто-кучевых, слоистых, кучевых или кучево-дождевых облаков нет.";"Облаков нет.";"2500 или более, или облаков нет.";"Высококучевых, высокослоистых или слоисто-дождевых облаков нет.";"Перистые плотные в виде клочьев или скрученных склонов, количество которых обычно не увеличивается, иногда могут казаться остатками верхней части кучево-дождевых; или перистые башенкообразные, или перистые хлопьевидные.";"10.0";"23.0";"";"";"";"";"";"";
"07.07.2022 00:00";"25.5";"732.7";"759.7";"0.5";"86";"Ветер, дующий с юго-юго-запада";"1";"";"";"90  или более, но не 100%";" ";"";"";"";"";"Слоисто-кучевых, слоистых, кучевых или кучево-дождевых облаков нет.";"Облаков нет.";"2500 или более, или облаков нет.";"Высококучевых, высокослоистых или слоисто-дождевых облаков нет.";"Перистые плотные в виде клочьев или скрученных склонов, количество которых обычно не увеличивается, иногда могут казаться остатками верхней части кучево-дождевых; или перистые башенкообразные, или перистые хлопьевидные.";"10.0";"23.0";"";"";"";"";"";"";
"06.07.2022 21:00";"27.1";"732.2";"759.3";"1.0";"83";"Ветер, дующий с юга";"1";"";"";"90  или более, но не 100%";" ";"";"";"";"";"Слоисто-кучевых, слоистых, кучевых или кучево-дождевых облаков нет.";"Облаков нет.";"2500 или более, или облаков нет.";"Высококучевых, высокослоистых или слоисто-дождевых облаков нет.";"Перистые плотные в виде клочьев или скрученных склонов, количество которых обычно не увеличивается, иногда могут казаться остатками верхней части кучево-дождевых; или перистые башенкообразные, или перистые хлопьевидные.";"10.0";"24.0";"";"";"";"";"";"";
"06.07.2022 18:00";"29.7";"731.2";"758.2";"-0.3";"64";"Ветер, дующий с юго-юго-запада";"2";"";"";"90  или более, но не 100%";" ";"";"";"";"32.3";"Кучевые и слоисто-кучевые (но не слоисто-кучевые, образовавшиеся из кучевых), основания расположены на разных уровнях.";"20–30%.";"600-1000";"Высококучевые просвечивающие, расположенные на одном уровне.";"Перистые плотные в виде клочьев или скрученных склонов, количество которых обычно не увеличивается, иногда могут казаться остатками верхней части кучево-дождевых; или перистые башенкообразные, или перистые хлопьевидные.";"10.0";"22.3";"";"";"";"";"";"";
"06.07.2022 15:00";"31.1";"731.5";"758.4";"-1.3";"59";"Ветер, дующий с юга";"2";"";"";"90  или более, но не 100%";" ";"";"";"";"";"Кучевые и слоисто-кучевые (но не слоисто-кучевые, образовавшиеся из кучевых), основания расположены на разных уровнях.";"40%.";"600-1000";"Высококучевые просвечивающие, расположенные на одном уровне.";"Перистые плотные в виде клочьев или скрученных склонов, количество которых обычно не увеличивается, иногда могут казаться остатками верхней части кучево-дождевых; или перистые башенкообразные, или перистые хлопьевидные.";"10.0";"22.2";"";"";"";"";"";"";
"06.07.2022 12:00";"30.3";"732.8";"759.8";"-0.8";"58";"Ветер, дующий с юго-запада";"2";"";"";"90  или более, но не 100%";" ";"";"";"";"";"Кучевые и слоисто-кучевые (но не слоисто-кучевые, образовавшиеся из кучевых), основания расположены на разных уровнях.";"20–30%.";"600-1000";"Высококучевые просвечивающие, расположенные на одном уровне.";"Перистые плотные в виде клочьев или скрученных склонов, количество которых обычно не увеличивается, иногда могут казаться остатками верхней части кучево-дождевых; или перистые башенкообразные, или перистые хлопьевидные.";"10.0";"21.1";"";"";"";"";"";"";
"06.07.2022 09:00";"26.4";"733.6";"760.8";"";"77";"Ветер, дующий с юго-юго-запада";"2";"";"";"90  или более, но не 100%";" ";"";"";"";"";"Слоисто-кучевые, образовавшиеся не из кучевых.";"10%  или менее, но не 0";"600-1000";"Высококучевые просвечивающие, расположенные на одном уровне.";"Перистые плотные в виде клочьев или скрученных склонов, количество которых обычно не увеличивается, иногда могут казаться остатками верхней части кучево-дождевых; или перистые башенкообразные, или перистые хлопьевидные.";"10.0";"22.0";"";"";"";"";"";"";
"06.07.2022 06:00";"24.1";"732.7";"759.8";"1.3";"91";"Ветер, дующий с юга";"2";"";"";"90  или более, но не 100%";" ";"";"";"23.9";"";"Кучево-дождевые волокнистые (часто с наковальней), либо с кучево-дождевыми лысыми, кучевыми, слоистыми, разорванно-дождевыми, либо без них.";"10%  или менее, но не 0";"600-1000";"Высококучевые просвечивающие, расположенные на одном уровне.";"Перистые плотные, образовавшиеся от кучево-дождевых.";"10.0";"22.5";"Следы осадков";"24";"";"";"";"";
"06.07.2022 03:00";"24.4";"731.4";"758.3";"-1.0";"91";"Ветер, дующий с юго-юго-запада";"1";"";"";"90  или более, но не 100%";" ";"";"";"";"";"Слоисто-кучевых, слоистых, кучевых или кучево-дождевых облаков нет.";"10%  или менее, но не 0";"2500 или более, или облаков нет.";"Высококучевые просвечивающие, расположенные на одном уровне.";"Перистые плотные в виде клочьев или скрученных склонов, количество которых обычно не увеличивается, иногда могут казаться остатками верхней части кучево-дождевых; или перистые башенкообразные, или перистые хлопьевидные.";"10.0";"22.8";"";"";"";"";"";"";
"06.07.2022 00:00";"24.6";"732.4";"759.5";"0.3";"93";"Ветер, дующий с западо-юго-запада";"1";"";"";"90  или более, но не 100%";"Облака в целом рассеиваются или становятся менее развитыми. ";"Гроза (грозы) с осадками или без них.";"Дождь.";"";"";"Слоисто-кучевых, слоистых, кучевых или кучево-дождевых облаков нет.";"10%  или менее, но не 0";"2500 или более, или облаков нет.";"Высококучевые просвечивающие, расположенные на одном уровне.";"Перистые плотные в виде клочьев или скрученных склонов, количество которых обычно не увеличивается, иногда могут казаться остатками верхней части кучево-дождевых; или перистые башенкообразные, или перистые хлопьевидные.";"10.0";"23.3";"Следы осадков";"6";"";"";"";"";
"05.07.2022 21:00";"26.4";"732.1";"759.2";"1.2";"81";"Штиль, безветрие";"0";"";"";"90  или более, но не 100%";"Облака в целом рассеиваются или становятся менее развитыми. ";"Гроза (грозы) с осадками или без них.";"Дождь.";"";"";"Слоисто-кучевые, образовавшиеся не из кучевых.";"10%  или менее, но не 0";"600-1000";"Высококучевые просвечивающие, расположенные на одном уровне.";"Перистые плотные в виде клочьев или скрученных склонов, количество которых обычно не увеличивается, иногда могут казаться остатками верхней части кучево-дождевых; или перистые башенкообразные, или перистые хлопьевидные.";"10.0";"22.9";"";"";"";"";"";"";
"05.07.2022 18:00";"29.2";"730.9";"758.0";"-0.2";"70";"Ветер, дующий с юго-юго-запада";"2";"";"";"90  или более, но не 100%";"Гроза, но без осадков, в срок наблюдения. ";"Гроза (грозы) с осадками или без них.";"Облака покрывали более половины неба в течение всего соответствующего периода.";"";"31.4";"Кучево-дождевые волокнистые (часто с наковальней), либо с кучево-дождевыми лысыми, кучевыми, слоистыми, разорванно-дождевыми, либо без них.";"20–30%.";"600-1000";"Высококучевые просвечивающие, расположенные на одном уровне.";"Перистые плотные, образовавшиеся от кучево-дождевых.";"10.0";"23.1";"";"";"";"";"";"";
"05.07.2022 15:00";"31.0";"731.1";"758.1";"-1.1";"59";"Ветер, дующий с юго-запада";"3";"";"";"90  или более, но не 100%";" ";"";"";"";"";"Кучевые и слоисто-кучевые (но не слоисто-кучевые, образовавшиеся из кучевых), основания расположены на разных уровнях.";"40%.";"600-1000";"Высококучевые просвечивающие, расположенные на одном уровне.";"Перистые плотные в виде клочьев или скрученных склонов, количество которых обычно не увеличивается, иногда могут казаться остатками верхней части кучево-дождевых; или перистые башенкообразные, или перистые хлопьевидные.";"10.0";"22.2";"";"";"";"";"";"";
"05.07.2022 12:00";"29.2";"732.2";"759.4";"-0.5";"68";"Ветер, дующий с юго-запада";"3";"";"";"90  или более, но не 100%";" ";"";"";"";"";"Кучевые и слоисто-кучевые (но не слоисто-кучевые, образовавшиеся из кучевых), основания расположены на разных уровнях.";"50%.";"600-1000";"Высококучевые просвечивающие, расположенные на одном уровне.";"Перистые плотные в виде клочьев или скрученных склонов, количество которых обычно не увеличивается, иногда могут казаться остатками верхней части кучево-дождевых; или перистые башенкообразные, или перистые хлопьевидные.";"10.0";"22.7";"";"";"";"";"";"";
"05.07.2022 09:00";"25.3";"732.7";"760.0";"1.6";"83";"Ветер, дующий с юго-юго-запада";"2";"";"";"90  или более, но не 100%";" ";"";"";"";"";"Слоисто-кучевые, образовавшиеся не из кучевых.";"10%  или менее, но не 0";"600-1000";"Высококучевые просвечивающие, расположенные на одном уровне.";"Перистые плотные в виде клочьев или скрученных склонов, количество которых обычно не увеличивается, иногда могут казаться остатками верхней части кучево-дождевых; или перистые башенкообразные, или перистые хлопьевидные.";"10.0";"22.2";"";"";"";"";"";"";
"05.07.2022 06:00";"22.4";"731.1";"758.1";"-0.1";"95";"Ветер, дующий с юго-юго-востока";"1";"";"";"90  или более, но не 100%";" ";"";"";"22.3";"";"Слоисто-кучевых, слоистых, кучевых или кучево-дождевых облаков нет.";"90  или более, но не 100%";"2500 или более, или облаков нет.";"Высококучевые, просвечивающие или плотные в двух или более слоях или высококучевые плотные в одном слое, не распространяющиеся но небу, либо высококучевые с высокослоистыми или слоисто-дождевыми.";"Перистые плотные в виде клочьев или скрученных склонов, количество которых обычно не увеличивается, иногда могут казаться остатками верхней части кучево-дождевых; или перистые башенкообразные, или перистые хлопьевидные.";"10.0";"21.5";"18.0";"24";"";"";"";"";
"05.07.2022 03:00";"22.5";"731.2";"758.1";"-1.6";"93";"Ветер, дующий с юга";"2";"";"";"90  или более, но не 100%";" ";"";"";"";"";"Слоисто-кучевых, слоистых, кучевых или кучево-дождевых облаков нет.";"90  или более, но не 100%";"2500 или более, или облаков нет.";"Высококучевые, просвечивающие или плотные в двух или более слоях или высококучевые плотные в одном слое, не распространяющиеся но небу, либо высококучевые с высокослоистыми или слоисто-дождевыми.";"";"10.0";"21.3";"";"";"";"";"";"";
"05.07.2022 00:00";"22.3";"732.8";"759.9";"0.0";"94";"Ветер, дующий с северо-северо-запада";"3";"";"";"90  или более, но не 100%";"Дождь (незамерзающий) неливневый. ";"Гроза (грозы) с осадками или без них.";"Дождь.";"";"";"Слоисто-кучевых, слоистых, кучевых или кучево-дождевых облаков нет.";"90  или более, но не 100%";"2500 или более, или облаков нет.";"Высококучевые, просвечивающие или плотные в двух или более слоях или высококучевые плотные в одном слое, не распространяющиеся но небу, либо высококучевые с высокослоистыми или слоисто-дождевыми.";"";"10.0";"21.3";"18.0";"6";"";"";"";"";
"04.07.2022 21:00";"23.0";"732.8";"760.0";"2.8";"94";"Ветер, дующий с севера";"2";"";"";"100%.";"Гроза слабая или умеренная без града, но с дождем и/или снегом в срок наблюдения. ";"Гроза (грозы) с осадками или без них.";"Дождь.";"";"";"Кучево-дождевые волокнистые (часто с наковальней), либо с кучево-дождевыми лысыми, кучевыми, слоистыми, разорванно-дождевыми, либо без них.";"10%  или менее, но не 0";"600-1000";"Высококучевые, просвечивающие или плотные в двух или более слоях или высококучевые плотные в одном слое, не распространяющиеся но небу, либо высококучевые с высокослоистыми или слоисто-дождевыми.";"Перистые плотные в виде клочьев или скрученных склонов, количество которых обычно не увеличивается, иногда могут казаться остатками верхней части кучево-дождевых; или перистые башенкообразные, или перистые хлопьевидные.";"10.0";"22.0";"";"";"";"";"";"";
"04.07.2022 18:00";"31.1";"730.0";"756.9";"-0.4";"59";"Ветер, дующий с юга";"3";"";"";"90  или более, но не 100%";" ";"";"";"";"33.7";"Кучево-дождевые волокнистые (часто с наковальней), либо с кучево-дождевыми лысыми, кучевыми, слоистыми, разорванно-дождевыми, либо без них.";"10%  или менее, но не 0";"600-1000";"Высококучевые, просвечивающие или плотные в двух или более слоях или высококучевые плотные в одном слое, не распространяющиеся но небу, либо высококучевые с высокослоистыми или слоисто-дождевыми.";"Перистые плотные в виде клочьев или скрученных склонов, количество которых обычно не увеличивается, иногда могут казаться остатками верхней части кучево-дождевых; или перистые башенкообразные, или перистые хлопьевидные.";"10.0";"22.2";"";"";"";"";"";"";
"04.07.2022 15:00";"33.3";"730.4";"757.2";"-1.6";"52";"Ветер, дующий с юго-юго-запада";"1";"";"";"90  или более, но не 100%";" ";"";"";"";"";"Кучевые и слоисто-кучевые (но не слоисто-кучевые, образовавшиеся из кучевых), основания расположены на разных уровнях.";"40%.";"600-1000";"Высококучевых, высокослоистых или слоисто-дождевых облаков нет.";"Перистые плотные в виде клочьев или скрученных склонов, количество которых обычно не увеличивается, иногда могут казаться остатками верхней части кучево-дождевых; или перистые башенкообразные, или перистые хлопьевидные.";"10.0";"22.1";"";"";"";"";"";"";
"04.07.2022 12:00";"31.1";"732.0";"758.9";"-0.7";"58";"Ветер, дующий с юго-запада";"2";"";"";"90  или более, но не 100%";" ";"";"";"";"";"Кучевые и слоисто-кучевые (но не слоисто-кучевые, образовавшиеся из кучевых), основания расположены на разных уровнях.";"40%.";"600-1000";"Высококучевых, высокослоистых или слоисто-дождевых облаков нет.";"Перистые плотные в виде клочьев или скрученных склонов, количество которых обычно не увеличивается, иногда могут казаться остатками верхней части кучево-дождевых; или перистые башенкообразные, или перистые хлопьевидные.";"10.0";"21.8";"";"";"";"";"";"";
"04.07.2022 09:00";"28.2";"732.7";"759.7";"0.3";"67";"Ветер, дующий с северо-востока";"2";"";"";"90  или более, но не 100%";" ";"";"";"";"";"Слоисто-кучевых, слоистых, кучевых или кучево-дождевых облаков нет.";"Облаков нет.";"2500 или более, или облаков нет.";"Высококучевых, высокослоистых или слоисто-дождевых облаков нет.";"Перистые плотные в виде клочьев или скрученных склонов, количество которых обычно не увеличивается, иногда могут казаться остатками верхней части кучево-дождевых; или перистые башенкообразные, или перистые хлопьевидные.";"10.0";"21.6";"";"";"";"";"";"";
"04.07.2022 06:00";"24.0";"732.4";"759.4";"0.0";"88";"Ветер, дующий с юго-запада";"2";"";"";"90  или более, но не 100%";" ";"";"";"24.0";"";"Слоисто-кучевых, слоистых, кучевых или кучево-дождевых облаков нет.";"10%  или менее, но не 0";"2500 или более, или облаков нет.";"Высококучевые просвечивающие, расположенные на одном уровне.";"Перистые плотные в виде клочьев или скрученных склонов, количество которых обычно не увеличивается, иногда могут казаться остатками верхней части кучево-дождевых; или перистые башенкообразные, или перистые хлопьевидные.";"10.0";"21.9";"";"";"";"";"";"";
"04.07.2022 03:00";"24.7";"732.4";"759.4";"-0.9";"91";"Ветер, дующий с юго-юго-запада";"1";"";"";"90  или более, но не 100%";" ";"";"";"";"";"Слоисто-кучевых, слоистых, кучевых или кучево-дождевых облаков нет.";"10%  или менее, но не 0";"2500 или более, или облаков нет.";"Высококучевые просвечивающие, расположенные на одном уровне.";"Перистые плотные в виде клочьев или скрученных склонов, количество которых обычно не увеличивается, иногда могут казаться остатками верхней части кучево-дождевых; или перистые башенкообразные, или перистые хлопьевидные.";"10.0";"23.1";"";"";"";"";"";"";
"04.07.2022 00:00";"25.9";"733.3";"760.3";"0.3";"87";"Ветер, дующий с юго-юго-запада";"1";"";"";"90  или более, но не 100%";" ";"";"";"";"";"Слоисто-кучевых, слоистых, кучевых или кучево-дождевых облаков нет.";"10%  или менее, но не 0";"2500 или более, или облаков нет.";"Высококучевые просвечивающие, расположенные на одном уровне.";"Перистые плотные в виде клочьев или скрученных склонов, количество которых обычно не увеличивается, иногда могут казаться остатками верхней части кучево-дождевых; или перистые башенкообразные, или перистые хлопьевидные.";"10.0";"23.6";"";"";"";"";"";"";
"03.07.2022 21:00";"27.7";"733.0";"760.0";"1.5";"77";"Ветер, дующий с юго-юго-запада";"1";"";"";"90  или более, но не 100%";" ";"";"";"";"";"Слоисто-кучевых, слоистых, кучевых или кучево-дождевых облаков нет.";"10%  или менее, но не 0";"2500 или более, или облаков нет.";"Высококучевые просвечивающие, расположенные на одном уровне.";"Перистые плотные в виде клочьев или скрученных склонов, количество которых обычно не увеличивается, иногда могут казаться остатками верхней части кучево-дождевых; или перистые башенкообразные, или перистые хлопьевидные.";"10.0";"23.3";"";"";"";"";"";"";
"03.07.2022 18:00";"31.0";"731.5";"758.5";"-0.5";"59";"Ветер, дующий с юго-юго-запада";"1";"";"";"90  или более, но не 100%";" ";"";"";"";"32.2";"Кучевые и слоисто-кучевые (но не слоисто-кучевые, образовавшиеся из кучевых), основания расположены на разных уровнях.";"10%  или менее, но не 0";"600-1000";"Высококучевые просвечивающие, расположенные на одном уровне.";"Перистые плотные в виде клочьев или скрученных склонов, количество которых обычно не увеличивается, иногда могут казаться остатками верхней части кучево-дождевых; или перистые башенкообразные, или перистые хлопьевидные.";"10.0";"22.2";"";"";"";"";"";"";
"03.07.2022 15:00";"31.4";"732.0";"759.0";"-1.4";"59";"Ветер, дующий с юго-юго-запада";"2";"";"";"90  или более, но не 100%";" ";"";"";"";"";"Кучевые и слоисто-кучевые (но не слоисто-кучевые, образовавшиеся из кучевых), основания расположены на разных уровнях.";"40%.";"600-1000";"Высококучевые, образовавшиеся из кучевых (или кучево-дождевых).";"Перистые плотные в виде клочьев или скрученных склонов, количество которых обычно не увеличивается, иногда могут казаться остатками верхней части кучево-дождевых; или перистые башенкообразные, или перистые хлопьевидные.";"10.0";"22.5";"";"";"";"";"";"";
"03.07.2022 12:00";"30.4";"733.4";"760.5";"-0.6";"63";"Ветер, дующий с юга";"2";"";"";"90  или более, но не 100%";" ";"";"";"";"";"Кучевые и слоисто-кучевые (но не слоисто-кучевые, образовавшиеся из кучевых), основания расположены на разных уровнях.";"60%.";"600-1000";"Высококучевых, высокослоистых или слоисто-дождевых облаков нет.";"Перистые плотные в виде клочьев или скрученных склонов, количество которых обычно не увеличивается, иногда могут казаться остатками верхней части кучево-дождевых; или перистые башенкообразные, или перистые хлопьевидные.";"10.0";"22.5";"";"";"";"";"";"";
"03.07.2022 09:00";"27.5";"734.0";"761.2";"0.7";"77";"Ветер, дующий с юга";"2";"";"";"90  или более, но не 100%";" ";"";"";"";"";"Слоисто-кучевые, образовавшиеся не из кучевых.";"20–30%.";"600-1000";"Высококучевые просвечивающие, расположенные на одном уровне.";"Перистые плотные в виде клочьев или скрученных склонов, количество которых обычно не увеличивается, иногда могут казаться остатками верхней части кучево-дождевых; или перистые башенкообразные, или перистые хлопьевидные.";"10.0";"23.2";"";"";"";"";"";"";
"03.07.2022 06:00";"23.0";"733.3";"760.5";"0.8";"94";"Ветер, дующий с юга";"1";"";"";"90  или более, но не 100%";" ";"";"";"22.9";"";"Слоисто-кучевых, слоистых, кучевых или кучево-дождевых облаков нет.";"10%  или менее, но не 0";"2500 или более, или облаков нет.";"Высококучевые просвечивающие, расположенные на одном уровне.";"Перистые плотные в виде клочьев или скрученных склонов, количество которых обычно не увеличивается, иногда могут казаться остатками верхней части кучево-дождевых; или перистые башенкообразные, или перистые хлопьевидные.";"10.0";"22.0";"";"";"";"";"";"";
"03.07.2022 03:00";"23.8";"732.5";"759.6";"-1.0";"88";"Ветер, дующий с юго-юго-запада";"2";"";"";"90  или более, но не 100%";" ";"";"";"";"";"Слоисто-кучевых, слоистых, кучевых или кучево-дождевых облаков нет.";"40%.";"2500 или более, или облаков нет.";"Высококучевые просвечивающие, расположенные на одном уровне.";"Перистые плотные в виде клочьев или скрученных склонов, количество которых обычно не увеличивается, иногда могут казаться остатками верхней части кучево-дождевых; или перистые башенкообразные, или перистые хлопьевидные.";"10.0";"21.6";"";"";"";"";"";"";
"03.07.2022 00:00";"24.7";"733.5";"760.7";"0.5";"91";"Ветер, дующий с юга";"1";"";"";"90  или более, но не 100%";" ";"";"";"";"";"Слоисто-кучевых, слоистых, кучевых или кучево-дождевых облаков нет.";"40%.";"2500 или более, или облаков нет.";"Высококучевые просвечивающие, расположенные на одном уровне.";"Перистые плотные в виде клочьев или скрученных склонов, количество которых обычно не увеличивается, иногда могут казаться остатками верхней части кучево-дождевых; или перистые башенкообразные, или перистые хлопьевидные.";"10.0";"23.1";"";"";"";"";"";"";
"02.07.2022 21:00";"25.9";"733.0";"760.3";"1.4";"82";"Ветер, дующий с юга";"1";"";"";"90  или более, но не 100%";" ";"";"";"";"";"Слоисто-кучевых, слоистых, кучевых или кучево-дождевых облаков нет.";"10%  или менее, но не 0";"2500 или более, или облаков нет.";"Высококучевые просвечивающие, расположенные на одном уровне.";"Перистые плотные в виде клочьев или скрученных склонов, количество которых обычно не увеличивается, иногда могут казаться остатками верхней части кучево-дождевых; или перистые башенкообразные, или перистые хлопьевидные.";"10.0";"22.6";"";"";"";"";"";"";
"02.07.2022 18:00";"27.7";"731.6";"758.8";"-0.4";"73";"Ветер, дующий с юга";"2";"";"";"90  или более, но не 100%";" ";"";"";"";"29.6";"Слоисто-кучевые, образовавшиеся не из кучевых.";"10%  или менее, но не 0";"600-1000";"Высококучевые просвечивающие, расположенные на одном уровне.";"Перистые плотные в виде клочьев или скрученных склонов, количество которых обычно не увеличивается, иногда могут казаться остатками верхней части кучево-дождевых; или перистые башенкообразные, или перистые хлопьевидные.";"10.0";"22.5";"";"";"";"";"";"";
"02.07.2022 15:00";"29.3";"732.0";"759.1";"-1.8";"67";"Ветер, дующий с юго-юго-запада";"2";"";"";"90  или более, но не 100%";" ";"";"";"";"";"Кучевые и слоисто-кучевые (но не слоисто-кучевые, образовавшиеся из кучевых), основания расположены на разных уровнях.";"50%.";"600-1000";"Высококучевые просвечивающие, расположенные на одном уровне.";"Перистые плотные в виде клочьев или скрученных склонов, количество которых обычно не увеличивается, иногда могут казаться остатками верхней части кучево-дождевых; или перистые башенкообразные, или перистые хлопьевидные.";"10.0";"22.5";"";"";"";"";"";"";
"02.07.2022 12:00";"26.2";"733.8";"761.1";"-0.1";"79";"Ветер, дующий с юга";"1";"";"";"100%.";" ";"";"";"";"";"Слоисто-кучевые, образовавшиеся не из кучевых.";"100%.";"300-600";"";"";"10.0";"22.3";"";"";"";"";"";"";
"02.07.2022 09:00";"23.9";"733.9";"761.2";"1.2";"86";"Ветер, дующий с юго-юго-востока";"2";"";"";"100%.";" ";"";"";"";"";"Слоистые туманообразные или слоистые разорванные, либо те и другие, но не относящиеся к облакам плохой погоды.";"100%.";"300-600";"";"";"10.0";"21.4";"";"";"";"";"";"";
"02.07.2022 06:00";"23.1";"732.7";"760.0";"0.8";"93";"Ветер, дующий с юго-юго-востока";"1";"";"";"90  или более, но не 100%";" ";"";"";"23.0";"";"Слоисто-кучевые, образовавшиеся не из кучевых.";"10%  или менее, но не 0";"600-1000";"Высококучевые, просвечивающие или плотные в двух или более слоях или высококучевые плотные в одном слое, не распространяющиеся но небу, либо высококучевые с высокослоистыми или слоисто-дождевыми.";"Перистые плотные в виде клочьев или скрученных склонов, количество которых обычно не увеличивается, иногда могут казаться остатками верхней части кучево-дождевых; или перистые башенкообразные, или перистые хлопьевидные.";"10.0";"21.9";"3.0";"24";"";"";"";"";
"02.07.2022 03:00";"23.3";"731.9";"759.1";"-0.7";"91";"Ветер, дующий с юга";"1";"";"";"90  или более, но не 100%";" ";"";"";"";"";"Слоисто-кучевых, слоистых, кучевых или кучево-дождевых облаков нет.";"90  или более, но не 100%";"2500 или более, или облаков нет.";"Высококучевые просвечивающие, расположенные на одном уровне.";"Перистые плотные в виде клочьев или скрученных склонов, количество которых обычно не увеличивается, иногда могут казаться остатками верхней части кучево-дождевых; или перистые башенкообразные, или перистые хлопьевидные.";"10.0";"21.8";"";"";"";"";"";"";
"02.07.2022 00:00";"23.7";"732.6";"759.7";"1.1";"88";"Ветер, дующий с юга";"1";"";"";"90  или более, но не 100%";" ";"";"";"";"";"Слоисто-кучевых, слоистых, кучевых или кучево-дождевых облаков нет.";"90  или более, но не 100%";"2500 или более, или облаков нет.";"Высококучевые просвечивающие, расположенные на одном уровне.";"Перистые плотные в виде клочьев или скрученных склонов, количество которых обычно не увеличивается, иногда могут казаться остатками верхней части кучево-дождевых; или перистые башенкообразные, или перистые хлопьевидные.";"10.0";"21.5";"";"";"";"";"";"";
"01.07.2022 21:00";"24.5";"731.5";"758.8";"1.3";"83";"Ветер, дующий с юга";"2";"";"";"90  или более, но не 100%";"Видна молния, грома не слышно. ";"Облака покрывали более половины неба в течение всего соответствующего периода.";"Облака покрывали более половины неба в течение всего соответствующего периода.";"";"";"Кучево-дождевые волокнистые (часто с наковальней), либо с кучево-дождевыми лысыми, кучевыми, слоистыми, разорванно-дождевыми, либо без них.";"10%  или менее, но не 0";"600-1000";"Высококучевые просвечивающие, расположенные на одном уровне.";"Перистые плотные в виде клочьев или скрученных склонов, количество которых обычно не увеличивается, иногда могут казаться остатками верхней части кучево-дождевых; или перистые башенкообразные, или перистые хлопьевидные.";"10.0";"21.4";"";"";"";"";"";"";
"01.07.2022 18:00";"26.4";"730.2";"757.3";"0.1";"68";"Ветер, дующий с юга";"2";"";"";"90  или более, но не 100%";" ";"";"";"";"29.7";"Кучево-дождевые волокнистые (часто с наковальней), либо с кучево-дождевыми лысыми, кучевыми, слоистыми, разорванно-дождевыми, либо без них.";"10%  или менее, но не 0";"600-1000";"Высококучевые просвечивающие, расположенные на одном уровне.";"Перистые плотные в виде клочьев или скрученных склонов, количество которых обычно не увеличивается, иногда могут казаться остатками верхней части кучево-дождевых; или перистые башенкообразные, или перистые хлопьевидные.";"10.0";"20.1";"3.0";"12";"";"";"";"";
"01.07.2022 15:00";"28.7";"730.1";"757.2";"-1.4";"71";"Ветер, дующий с юга";"3";"";"";"90  или более, но не 100%";" ";"";"";"";"";"Кучевые и слоисто-кучевые (но не слоисто-кучевые, образовавшиеся из кучевых), основания расположены на разных уровнях.";"10%  или менее, но не 0";"600-1000";"Высококучевые просвечивающие, расположенные на одном уровне.";"Перистые плотные в виде клочьев или скрученных склонов, количество которых обычно не увеличивается, иногда могут казаться остатками верхней части кучево-дождевых; или перистые башенкообразные, или перистые хлопьевидные.";"10.0";"23.0";"";"";"";"";"";"";
"01.07.2022 12:00";"27.6";"731.5";"758.7";"-1.0";"80";"Ветер, дующий с юго-юго-запада";"2";"";"";"90  или более, но не 100%";"Облака в целом рассеиваются или становятся менее развитыми. ";"Дождь.";"Облака покрывали более половины неба в течение всего соответствующего периода.";"";"";"Кучевые и слоисто-кучевые (но не слоисто-кучевые, образовавшиеся из кучевых), основания расположены на разных уровнях.";"60%.";"600-1000";"Высококучевые просвечивающие, расположенные на одном уровне.";"Перистые плотные в виде клочьев или скрученных склонов, количество которых обычно не увеличивается, иногда могут казаться остатками верхней части кучево-дождевых; или перистые башенкообразные, или перистые хлопьевидные.";"10.0";"23.8";"3.0";"6";"";"";"";"";
"01.07.2022 09:00";"25.3";"732.5";"759.7";"0.5";"87";"Ветер, дующий с юго-юго-запада";"1";"";"";"90  или более, но не 100%";" ";"";"";"";"";"Слоисто-кучевые, образовавшиеся не из кучевых.";"90  или более, но не 100%";"300-600";"Высококучевые просвечивающие, расположенные на одном уровне.";"Перистые плотные в виде клочьев или скрученных склонов, количество которых обычно не увеличивается, иногда могут казаться остатками верхней части кучево-дождевых; или перистые башенкообразные, или перистые хлопьевидные.";"10.0";"23.0";"";"";"";"";"";"";
"01.07.2022 06:00";"23.7";"732.0";"759.2";"";"96";"Ветер, дующий с юга";"1";"";"";"90  или более, но не 100%";" ";"";"";"23.5";"";"Слоистые туманообразные или слоистые разорванные, либо те и другие, но не относящиеся к облакам плохой погоды.";"10%  или менее, но не 0";"600-1000";"Высококучевые просвечивающие, расположенные на одном уровне.";"Перистые плотные в виде клочьев или скрученных склонов, количество которых обычно не увеличивается, иногда могут казаться остатками верхней части кучево-дождевых; или перистые башенкообразные, или перистые хлопьевидные.";"10.0";"23.0";"1.0";"24";"";"";"";"";
